{
    "СК-42": {
        "ΔX": 23.56,
        "ΔY": -140.86,
        "ΔZ": -79.77,
        "ωx": -3.033382239966145e-05,
        "ωy": -0.006046536113901675,
        "ωz": -0.013862504476767722,
        "m": -2.2274e-07
    },
    "СК-95": {
        "ΔX": 24.46,
        "ΔY": -130.8,
        "ΔZ": -81.53,
        "ωx": -3.033382239966145e-05,
        "ωy": 6.211626807847818e-05,
        "ωz": -0.0023433314136051464,
        "m": -2.2274e-07
    },
    "ПЗ-90": {
        "ΔX": -1.443,
        "ΔY": 0.142,
        "ΔZ": 0.23,
        "ωx": -3.033382239966145e-05,
        "ωy": 6.211626807847818e-05,
        "ωz": -0.0023433314136051464,
        "m": -2.2274e-07
    },
    "ПЗ-90.02": {
        "ΔX": -0.373,
        "ΔY": 0.172,
        "ΔZ": 0.21,
        "ωx": -3.033382239966145e-05,
        "ωy": 6.211626807847818e-05,
        "ωz": -7.440338601251827e-05,
        "m": -7.4e-09
    },
    "ПЗ-90.11": {
        "ΔX": 0.0,
        "ΔY": -0.014,
        "ΔZ": 0.008,
        "ωx": 9.80875039620813e-07,
        "ωy": 3.316125578789226e-08,
        "ωz": -9.250245035569946e-08,
        "m": 6e-11
    },
    "WGS-84 (G1150)": {
        "ΔX": -0.013,
        "ΔY": 0.092,
        "ΔZ": 0.03,
        "ωx": -3.033382239966145e-05,
        "ωy": 6.211626807847818e-05,
        "ωz": -7.440338601251827e-05,
        "m": -7.4e-09
    },
    "ITRF-2008": {
        "ΔX": 0.003,
        "ΔY": -0.013,
        "ΔZ": 0.008,
        "ωx": 9.477137838329209e-07,
        "ωy": -1.064650843716541e-07,
        "ωz": -9.599310885968812e-08,
        "m": 6e-11
    }
}