{
    "СК-42": {
        "ΔX": 23.56,
        "ΔY": -140.86,
        "ΔZ": -79.77,
        "ωx": -1.4706252099702764e-10,
        "ωy": -2.9314434313424196e-08,
        "ωz": -6.720731824779182e-08,
        "m": -222740.0
    },
    "СК-95": {
        "ΔX": 24.46,
        "ΔY": -130.8,
        "ΔZ": -81.53,
        "ωx": -1.4706252099702764e-10,
        "ωy": 3.0114816583913775e-10,
        "ωz": -1.1360791286895237e-08,
        "m": -222740.0
    },
    "ПЗ-90": {
        "ΔX": -1.443,
        "ΔY": 0.142,
        "ΔZ": 0.23,
        "ωx": -1.4706252099702764e-10,
        "ωy": 3.0114816583913775e-10,
        "ωz": -1.1360791286895237e-08,
        "m": -222740.0
    },
    "ПЗ-90.02": {
        "ΔX": -0.373,
        "ΔY": 0.172,
        "ΔZ": 0.21,
        "ωx": -1.4706252099702764e-10,
        "ωy": 3.0114816583913775e-10,
        "ωz": -3.6071779459742745e-10,
        "m": -7400.0
    },
    "ПЗ-90.11": {
        "ΔX": 0.0,
        "ΔY": -0.014,
        "ΔZ": 0.008,
        "ωx": 4.755416386670284e-12,
        "ωy": 1.6077030488742954e-13,
        "ωz": -4.484645346859877e-13,
        "m": 60.0
    },
    "WGS-84 (G1150)": {
        "ΔX": -0.013,
        "ΔY": 0.092,
        "ΔZ": 0.03,
        "ωx": -1.4706252099702764e-10,
        "ωy": 3.0114816583913775e-10,
        "ωz": -3.6071779459742745e-10,
        "m": -7400.0
    },
    "ITRF-2008": {
        "ΔX": 0.003,
        "ΔY": -0.013,
        "ΔZ": 0.008,
        "ωx": 4.594646081782855e-12,
        "ωy": -5.161572946385896e-13,
        "ωz": -4.653877246741381e-13,
        "m": 60.0
    }
}