{
    "СК-42": {
        "ΔX": 23.56,
        "ΔY": -140.86,
        "ΔZ": -79.77,
        "ωx": -8.426061777683734e-09,
        "ωy": -1.6795933649726876e-06,
        "ωz": -3.850695687991034e-06,
        "m": -222740.0
    },
    "СК-95": {
        "ΔX": 24.46,
        "ΔY": -130.8,
        "ΔZ": -81.53,
        "ωx": -8.426061777683734e-09,
        "ωy": 1.7254518910688386e-08,
        "ωz": -6.509253926680963e-07,
        "m": -222740.0
    },
    "ПЗ-90": {
        "ΔX": -1.443,
        "ΔY": 0.142,
        "ΔZ": 0.23,
        "ωx": -8.426061777683734e-09,
        "ωy": 1.7254518910688386e-08,
        "ωz": -6.509253926680963e-07,
        "m": -222740.0
    },
    "ПЗ-90.02": {
        "ΔX": -0.373,
        "ΔY": 0.172,
        "ΔZ": 0.21,
        "ωx": -8.426061777683734e-09,
        "ωy": 1.7254518910688386e-08,
        "ωz": -2.0667607225699523e-08,
        "m": -7400.0
    },
    "ПЗ-90.11": {
        "ΔX": 0.0,
        "ΔY": -0.014,
        "ΔZ": 0.008,
        "ωx": 2.724652887835592e-10,
        "ωy": 9.211459941081184e-12,
        "ωz": -2.569512509880541e-11,
        "m": 60.0
    },
    "WGS-84 (G1150)": {
        "ΔX": -0.013,
        "ΔY": 0.092,
        "ΔZ": 0.03,
        "ωx": -8.426061777683734e-09,
        "ωy": 1.7254518910688386e-08,
        "ωz": -2.0667607225699523e-08,
        "m": -7400.0
    },
    "ITRF-2008": {
        "ΔX": 0.003,
        "ΔY": -0.013,
        "ΔZ": 0.008,
        "ωx": 2.6325382884247803e-10,
        "ωy": -2.95736345476817e-11,
        "ωz": -2.666475246102448e-11,
        "m": 60.0
    }
}