{
    "СК-42": {
        "ΔX": 23.56,
        "ΔY": -140.86,
        "ΔZ": -79.77,
        "ωx": -0.001738,
        "ωy": -0.346441,
        "ωz": -0.794263,
        "m": -2.2274e-07
    },
    "СК-95": {
        "ΔX": 24.46,
        "ΔY": -130.8,
        "ΔZ": -81.53,
        "ωx": -0.001738,
        "ωy": 0.003559,
        "ωz": -0.134263,
        "m": -2.2274e-07
    },
    "ПЗ-90": {
        "ΔX": -1.443,
        "ΔY": 0.142,
        "ΔZ": 0.23,
        "ωx": -0.001738,
        "ωy": 0.003559,
        "ωz": -0.134263,
        "m": -2.2274e-07
    },
    "ПЗ-90.02": {
        "ΔX": -0.373,
        "ΔY": 0.172,
        "ΔZ": 0.21,
        "ωx": -0.001738,
        "ωy": 0.003559,
        "ωz": -0.004263,
        "m": -7.4e-09
    },
    "ПЗ-90.11": {
        "ΔX": 0.0,
        "ΔY": -0.014,
        "ΔZ": 0.008,
        "ωx": 5.62e-05,
        "ωy": 1.9e-06,
        "ωz": -5.3e-06,
        "m": 6e-11
    },
    "WGS-84 (G1150)": {
        "ΔX": -0.013,
        "ΔY": 0.092,
        "ΔZ": 0.03,
        "ωx": -0.001738,
        "ωy": 0.003559,
        "ωz": -0.004263,
        "m": -7.4e-09
    },
    "ITRF-2008": {
        "ΔX": 0.003,
        "ΔY": -0.013,
        "ΔZ": 0.008,
        "ωx": 5.43e-05,
        "ωy": -6.1e-06,
        "ωz": -5.5e-06,
        "m": 6e-11
    }
}